,Name,Ampel
0,000001.jpg,0
1,000002.jpg,0
2,000003.jpg,0
3,000004.jpg,0
4,000005.jpg,0
5,000006.jpg,0
6,000007.jpg,0
7,000008.jpg,0
8,000009.jpg,0
9,000010.jpg,0
10,000011.jpg,0
11,000012.jpg,0
12,000013.jpg,0
13,000014.jpg,0
14,000015.jpg,0
15,000016.jpg,0
16,000017.jpg,0
17,000018.jpg,0
18,000019.jpg,0
19,000020.jpg,0
20,000021.jpg,0
21,000022.jpg,0
22,000023.jpg,0
23,000024.jpg,0
24,000025.jpg,0
25,000026.jpg,0
26,000027.jpg,0
27,000028.jpg,0
28,000029.jpg,0
29,000030.jpg,0
30,000031.jpg,0
31,000032.jpg,0
32,000033.jpg,0
33,000034.jpg,0
34,000035.jpg,0
35,000036.jpg,0
36,000037.jpg,0
37,000038.jpg,0
38,000039.jpg,0
39,000040.jpg,0
40,000041.jpg,0
41,000042.jpg,0
42,000043.jpg,0
43,000044.jpg,0
44,000045.jpg,0
45,000046.jpg,0
46,000047.jpg,0
47,000048.jpg,0
48,000049.jpg,0
49,000050.jpg,0
50,000051.jpg,0
51,000052.jpg,0
52,000053.jpg,0
53,000054.jpg,0
54,000055.jpg,0
55,000056.jpg,0
56,000057.jpg,0
57,000058.jpg,0
58,000059.jpg,0
59,000060.jpg,0
60,000061.jpg,0
61,000062.jpg,0
62,000063.jpg,0
63,000064.jpg,0
64,000065.jpg,0
65,000066.jpg,0
66,000067.jpg,0
67,000068.jpg,0
68,000069.jpg,0
69,000070.jpg,0
70,000071.jpg,0
71,000072.jpg,0
72,000073.jpg,0
73,000074.jpg,0
74,000075.jpg,0
75,000076.jpg,0
76,000077.jpg,0
77,000078.jpg,0
78,000079.jpg,0
79,000080.jpg,0
80,000081.jpg,0
81,000082.jpg,0
82,000083.jpg,0
83,000084.jpg,0
84,000085.jpg,0
85,000086.jpg,0
86,000087.jpg,0
87,000088.jpg,0
88,000089.jpg,0
89,000090.jpg,0
90,000091.jpg,0
91,000092.jpg,0
92,000093.jpg,0
93,000094.jpg,0
94,000095.jpg,0
95,000096.jpg,0
96,000097.jpg,0
97,000098.jpg,0
98,000099.jpg,0
99,000100.jpg,0
100,000101.jpg,0
101,000102.jpg,0
102,000103.jpg,0
103,000104.jpg,0
104,000105.jpg,0
105,000106.jpg,0
106,000107.jpg,0
107,000108.jpg,0
108,000109.jpg,0
109,000110.jpg,0
110,000111.jpg,0
111,000112.jpg,0
112,000113.jpg,0
113,000114.jpg,0
114,000115.jpg,0
115,000116.jpg,0
116,000117.jpg,0
117,000118.jpg,0
118,000119.jpg,0
119,000120.jpg,0
120,000121.jpg,0
121,000122.jpg,0
122,000123.jpg,0
123,000124.jpg,0
124,000125.jpg,0
125,000126.jpg,0
126,000127.jpg,0
127,000128.jpg,0
128,000129.jpg,0
129,000130.jpg,0
130,000131.jpg,0
131,000132.jpg,0
132,000133.jpg,0
133,000134.jpg,0
134,000135.jpg,0
135,000136.jpg,0
136,000137.jpg,0
137,000138.jpg,0
138,000139.jpg,0
139,000140.jpg,0
140,000141.jpg,0
141,000142.jpg,0
142,000143.jpg,0
143,000144.jpg,0
144,000145.jpg,0
145,000146.jpg,0
146,000147.jpg,0
147,000148.jpg,0
148,000149.jpg,0
149,000150.jpg,0
150,000151.jpg,0
151,000152.jpg,0
152,000153.jpg,0
153,000154.jpg,0
154,000155.jpg,0
155,000156.jpg,0
156,000157.jpg,0
157,000158.jpg,0
158,000159.jpg,0
159,000160.jpg,0
160,000161.jpg,0
161,000162.jpg,0
162,000163.jpg,0
163,000164.jpg,0
164,000165.jpg,0
165,000166.jpg,0
166,000167.jpg,0
167,000168.jpg,0
168,000169.jpg,0
169,000170.jpg,0
170,000171.jpg,0
171,000172.jpg,0
172,000173.jpg,0
173,000174.jpg,0
174,000175.jpg,0
175,000176.jpg,0
176,000177.jpg,0
177,000178.jpg,0
178,000179.jpg,0
179,000180.jpg,0
180,000181.jpg,0
181,000182.jpg,0
182,000183.jpg,0
183,000184.jpg,0
184,000185.jpg,0
185,000186.jpg,0
186,000187.jpg,0
187,000188.jpg,0
188,000189.jpg,0
189,000190.jpg,0
190,000191.jpg,0
191,000192.jpg,0
192,000193.jpg,0
193,000194.jpg,0
194,000195.jpg,0
195,000196.jpg,0
196,000197.jpg,0
197,000198.jpg,0
198,000199.jpg,0
199,000200.jpg,0
200,000201.jpg,0
201,000202.jpg,0
202,000203.jpg,0
203,000204.jpg,0
204,000205.jpg,0
205,000206.jpg,0
206,000207.jpg,0
207,000208.jpg,0
208,000209.jpg,0
209,000210.jpg,0
210,000211.jpg,0
211,000212.jpg,0
212,000213.jpg,0
213,000214.jpg,0
214,000215.jpg,0
215,000216.jpg,0
216,000217.jpg,0
217,000218.jpg,0
218,000219.jpg,0
219,000220.jpg,0
220,000221.jpg,0
221,000222.jpg,0
222,000223.jpg,0
223,000224.jpg,0
224,000225.jpg,0
225,000226.jpg,0
226,000227.jpg,0
227,000228.jpg,0
228,000229.jpg,0
229,000230.jpg,0
230,000231.jpg,0
231,000232.jpg,0
232,000233.jpg,0
233,000234.jpg,0
234,000235.jpg,0
235,000236.jpg,0
236,000237.jpg,0
237,000238.jpg,0
238,000239.jpg,0
239,000240.jpg,0
240,000241.jpg,0
241,000242.jpg,0
242,000243.jpg,0
243,000244.jpg,0
244,000245.jpg,0
245,000246.jpg,0
246,000247.jpg,0
247,000248.jpg,0
248,000249.jpg,0
249,000250.jpg,0
250,000251.jpg,0
251,000252.jpg,0
252,000253.jpg,0
253,000254.jpg,0
254,000255.jpg,0
255,000256.jpg,0
256,000257.jpg,0
257,000258.jpg,0
258,000259.jpg,0
259,000260.jpg,0
260,000261.jpg,0
261,000262.jpg,0
262,000263.jpg,0
263,000264.jpg,0
264,000265.jpg,0
265,000266.jpg,0
266,000267.jpg,0
267,000268.jpg,0
268,000269.jpg,0
269,000270.jpg,0
270,000271.jpg,0
271,000272.jpg,0
272,000273.jpg,0
273,000274.jpg,0
274,000275.jpg,0
275,000276.jpg,0
276,000277.jpg,0
277,000278.jpg,0
278,000279.jpg,0
279,000280.jpg,0
280,000281.jpg,0
281,000282.jpg,0
282,000283.jpg,0
283,000284.jpg,0
284,000285.jpg,0
285,000286.jpg,0
286,000287.jpg,0
287,000288.jpg,0
288,000289.jpg,0
289,000290.jpg,0
290,000291.jpg,0
291,000292.jpg,0
292,000293.jpg,0
293,000294.jpg,0
294,000295.jpg,0
295,000296.jpg,0
296,000297.jpg,0
297,000298.jpg,0
298,000299.jpg,0
299,000300.jpg,0
300,000301.jpg,1
301,000302.jpg,0
302,000303.jpg,1
303,000304.jpg,0
304,000305.jpg,1
305,000306.jpg,1
306,000307.jpg,1
307,000308.jpg,1
308,000309.jpg,1
309,000310.jpg,0
310,000311.jpg,1
311,000312.jpg,1
312,000313.jpg,0
313,000314.jpg,0
314,000315.jpg,1
315,000316.jpg,0
316,000317.jpg,0
317,000318.jpg,0
318,000319.jpg,0
319,000320.jpg,0
320,000321.jpg,0
321,000322.jpg,0
322,000323.jpg,0
323,000324.jpg,0
324,000325.jpg,0
325,000326.jpg,1
326,000327.jpg,1
327,000328.jpg,1
328,000329.jpg,0
329,000330.jpg,0
330,000331.jpg,0
331,000332.jpg,1
332,000333.jpg,0
333,000334.jpg,0
334,000335.jpg,0
335,000336.jpg,0
336,000337.jpg,0
337,000338.jpg,0
338,000339.jpg,0
339,000340.jpg,0
340,000341.jpg,0
341,000342.jpg,0
342,000343.jpg,1
343,000344.jpg,1
344,000345.jpg,1
345,000346.jpg,1
346,000347.jpg,0
347,000348.jpg,0
348,000349.jpg,0
349,000350.jpg,0
350,000351.jpg,1
351,000352.jpg,1
352,000353.jpg,0
353,000354.jpg,0
354,000355.jpg,0
355,000356.jpg,0
356,000357.jpg,0
357,000358.jpg,0
358,000359.jpg,0
359,000360.jpg,0
360,000361.jpg,0
361,000362.jpg,0
362,000363.jpg,0
363,000364.jpg,1
364,000365.jpg,1
365,000366.jpg,1
366,000367.jpg,1
367,000368.jpg,1
368,000369.jpg,1
369,000370.jpg,1
370,000371.jpg,1
371,000372.jpg,1
372,000373.jpg,0
373,000374.jpg,0
374,000375.jpg,0
375,000376.jpg,0
376,000377.jpg,0
377,000378.jpg,0
378,000379.jpg,0
379,000380.jpg,0
380,000381.jpg,1
381,000382.jpg,1
382,000383.jpg,1
383,000384.jpg,1
384,000385.jpg,1
385,000386.jpg,1
386,000387.jpg,1
387,000388.jpg,1
388,000389.jpg,0
389,000390.jpg,0
390,000391.jpg,0
391,000392.jpg,0
392,000393.jpg,0
393,000394.jpg,0
394,000395.jpg,1
395,000396.jpg,1
396,000397.jpg,1
397,000398.jpg,1
398,000399.jpg,1
399,000400.jpg,1
400,000401.jpg,1
401,000402.jpg,1
402,000403.jpg,0
403,000404.jpg,0
404,000405.jpg,0
405,000406.jpg,0
406,000407.jpg,0
407,000408.jpg,1
408,000409.jpg,1
409,000410.jpg,1
410,000411.jpg,1
411,000412.jpg,1
412,000413.jpg,1
413,000414.jpg,0
414,000415.jpg,0
415,000416.jpg,0
416,000417.jpg,0
417,000418.jpg,1
418,000419.jpg,1
419,000420.jpg,1
420,000421.jpg,1
421,000422.jpg,1
422,000423.jpg,1
423,000424.jpg,0
424,000425.jpg,0
425,000426.jpg,0
426,000427.jpg,1
427,000428.jpg,1
428,000429.jpg,1
429,000430.jpg,1
430,000431.jpg,1
431,000432.jpg,1
432,000433.jpg,0
433,000434.jpg,0
434,000435.jpg,0
435,000436.jpg,1
436,000437.jpg,1
437,000438.jpg,1
438,000439.jpg,1
439,000440.jpg,1
440,000441.jpg,0
441,000442.jpg,0
442,000443.jpg,1
443,000444.jpg,1
444,000445.jpg,1
445,000446.jpg,1
446,000447.jpg,1
447,000448.jpg,0
448,000449.jpg,1
449,000450.jpg,1
450,000451.jpg,1
451,000452.jpg,1
452,000453.jpg,1
453,000454.jpg,1
454,000455.jpg,1
455,000456.jpg,1
456,000457.jpg,1
457,000458.jpg,1
458,000459.jpg,1
459,000460.jpg,1
460,000461.jpg,1
461,000462.jpg,1
462,000463.jpg,1
463,000464.jpg,1
464,000465.jpg,1
465,000466.jpg,1
466,000467.jpg,1
467,000468.jpg,0
468,000469.jpg,0
469,000470.jpg,1
470,000471.jpg,1
471,000472.jpg,1
472,000473.jpg,1
473,000474.jpg,1
474,000475.jpg,1
475,000476.jpg,1
476,000477.jpg,1
477,000478.jpg,1
478,000479.jpg,1
479,000480.jpg,1
480,000481.jpg,1
481,000482.jpg,1
482,000483.jpg,1
483,000484.jpg,1
484,000485.jpg,0
485,000486.jpg,1
486,000487.jpg,1
487,000488.jpg,1
488,000489.jpg,1
489,000490.jpg,1
490,000491.jpg,1
491,000492.jpg,1
492,000493.jpg,1
493,000494.jpg,1
494,000495.jpg,1
495,000496.jpg,1
496,000497.jpg,1
497,000498.jpg,1
498,000499.jpg,1
499,000500.jpg,1
500,000501.jpg,1
501,000502.jpg,1
502,000503.jpg,1
503,000504.jpg,1
504,000505.jpg,1
505,000506.jpg,1
506,000507.jpg,1
507,000508.jpg,1
508,000509.jpg,1
509,000510.jpg,1
510,000511.jpg,1
511,000512.jpg,1
512,000513.jpg,1
513,000514.jpg,1
514,000515.jpg,1
515,000516.jpg,1
516,000517.jpg,1
517,000518.jpg,1
518,000519.jpg,1
519,000520.jpg,1
520,000521.jpg,1
521,000522.jpg,1
522,000523.jpg,1
523,000524.jpg,1
524,000525.jpg,1
525,000526.jpg,1
526,000527.jpg,1
527,000528.jpg,1
528,000529.jpg,1
529,000530.jpg,1
530,000531.jpg,1
531,000532.jpg,1
532,000533.jpg,1
533,000534.jpg,1
534,000535.jpg,1
535,000536.jpg,1
536,000537.jpg,1
537,000538.jpg,1
538,000539.jpg,1
539,000540.jpg,1
540,000541.jpg,1
541,000542.jpg,1
542,000543.jpg,1
543,000544.jpg,1
544,000545.jpg,1
545,000546.jpg,1
546,000547.jpg,1
547,000548.jpg,1
548,000549.jpg,1
549,000550.jpg,1
550,000551.jpg,1
551,000552.jpg,1
552,000553.jpg,1
553,000554.jpg,1
554,000555.jpg,1
555,000556.jpg,1
556,000557.jpg,1
557,000558.jpg,1
558,000559.jpg,1
559,000560.jpg,1
560,000561.jpg,1
561,000562.jpg,1
562,000563.jpg,1
563,000564.jpg,1
564,000565.jpg,1
565,000566.jpg,1
566,000567.jpg,1
567,000568.jpg,1
568,000569.jpg,1
569,000570.jpg,1
570,000571.jpg,1
571,000572.jpg,1
572,000573.jpg,1
573,000574.jpg,1
574,000575.jpg,1
575,000576.jpg,1
576,000577.jpg,1
577,000578.jpg,1
578,000579.jpg,1
579,000580.jpg,1
580,000581.jpg,1
581,000582.jpg,1
582,000583.jpg,1
583,000584.jpg,1
584,000585.jpg,1
585,000586.jpg,1
586,000587.jpg,1
587,000588.jpg,1
588,000589.jpg,1
589,000590.jpg,1
590,000591.jpg,1
591,000592.jpg,1
592,000593.jpg,1
593,000594.jpg,1
594,000595.jpg,1
595,000596.jpg,1
596,000597.jpg,1
597,000598.jpg,1
598,000599.jpg,1
599,000600.jpg,1
600,000601.jpg,1
601,000602.jpg,1
602,000603.jpg,1
603,000604.jpg,1
604,000605.jpg,1
605,000606.jpg,1
606,000607.jpg,1
607,000608.jpg,1
608,000609.jpg,1
609,000610.jpg,1
610,000611.jpg,1
611,000612.jpg,1
612,000613.jpg,1
613,000614.jpg,1
614,000615.jpg,1
615,000616.jpg,1
616,000617.jpg,1
617,000618.jpg,1
618,000619.jpg,1
619,000620.jpg,1
620,000621.jpg,1
621,000622.jpg,1
622,000623.jpg,1
623,000624.jpg,1
624,000625.jpg,1
625,000626.jpg,1
626,000627.jpg,1
627,000628.jpg,1
628,000629.jpg,1
629,000630.jpg,1
630,000631.jpg,1
631,000632.jpg,1
632,000633.jpg,1
633,000634.jpg,1
634,000635.jpg,1
635,000636.jpg,1
636,000637.jpg,1
637,000638.jpg,1
638,000639.jpg,1
639,000640.jpg,1
640,000641.jpg,1
641,000642.jpg,1
642,000643.jpg,1
643,000644.jpg,1
644,000645.jpg,1
645,000646.jpg,1
646,000647.jpg,1
647,000648.jpg,1
648,000649.jpg,1
649,000650.jpg,1
650,000651.jpg,1
651,000652.jpg,1
652,000653.jpg,1
653,000654.jpg,1
654,000655.jpg,1
655,000656.jpg,1
656,000657.jpg,1
657,000658.jpg,1
658,000659.jpg,1
659,000660.jpg,1
660,000661.jpg,1
661,000662.jpg,1
662,000663.jpg,1
663,000664.jpg,1
664,000665.jpg,1
665,000666.jpg,1
666,000667.jpg,1
667,000668.jpg,1
668,000669.jpg,1
669,000670.jpg,1
670,000671.jpg,1
671,000672.jpg,1
672,000673.jpg,1
673,000674.jpg,1
674,000675.jpg,1
675,000676.jpg,1
676,000677.jpg,1
677,000678.jpg,1
678,000679.jpg,1
679,000680.jpg,1
680,000681.jpg,1
681,000682.jpg,1
682,000683.jpg,1
683,000684.jpg,1
684,000685.jpg,1
685,000686.jpg,1
686,000687.jpg,1
687,000688.jpg,1
688,000689.jpg,1
689,000690.jpg,1
690,000691.jpg,1
691,000692.jpg,1
692,000693.jpg,1
693,000694.jpg,1
694,000695.jpg,1
695,000696.jpg,1
696,000697.jpg,1
697,000698.jpg,1
698,000699.jpg,1
699,000700.jpg,1
700,000701.jpg,1
701,000702.jpg,1
702,000703.jpg,1
703,000704.jpg,1
704,000705.jpg,1
705,000706.jpg,1
706,000707.jpg,1
707,000708.jpg,1
708,000709.jpg,1
709,000710.jpg,1
710,000711.jpg,1
711,000712.jpg,1
712,000713.jpg,1
713,000714.jpg,1
714,000715.jpg,1
715,000716.jpg,1
716,000717.jpg,1
717,000718.jpg,1
718,000719.jpg,1
719,000720.jpg,1
720,000721.jpg,1
721,000722.jpg,1
722,000723.jpg,1
723,000724.jpg,1
724,000725.jpg,1
725,000726.jpg,1
726,000727.jpg,1
727,000728.jpg,1
728,000729.jpg,1
729,000730.jpg,1
730,000731.jpg,1
731,000732.jpg,1
732,000733.jpg,1
733,000734.jpg,1
734,000735.jpg,1
735,000736.jpg,1
736,000737.jpg,1
737,000738.jpg,1
738,000739.jpg,1
739,000740.jpg,1
740,000741.jpg,1
741,000742.jpg,1
742,000743.jpg,1
743,000744.jpg,1
744,000745.jpg,1
745,000746.jpg,1
746,000747.jpg,1
747,000748.jpg,1
748,000749.jpg,1
749,000750.jpg,1
750,000751.jpg,1
751,000752.jpg,1
752,000753.jpg,1
753,000754.jpg,1
754,000755.jpg,1
755,000756.jpg,1
756,000757.jpg,1
757,000758.jpg,1
758,000759.jpg,1
759,000760.jpg,1
760,000761.jpg,1
761,000762.jpg,1
762,000763.jpg,1
763,000764.jpg,1
764,000765.jpg,1
765,000766.jpg,1
766,000767.jpg,1
767,000768.jpg,1
768,000769.jpg,1
769,000770.jpg,1
770,000771.jpg,1
771,000772.jpg,1
772,000773.jpg,1
773,000774.jpg,1
774,000775.jpg,1
775,000776.jpg,1
776,000777.jpg,1
777,000778.jpg,1
778,000779.jpg,1
779,000780.jpg,1
780,000781.jpg,1
781,000782.jpg,1
782,000783.jpg,1
783,000784.jpg,1
784,000785.jpg,1
785,000786.jpg,1
786,000787.jpg,1
787,000788.jpg,1
788,000789.jpg,1
789,000790.jpg,1
790,000791.jpg,1
791,000792.jpg,1
792,000793.jpg,1
793,000794.jpg,1
794,000795.jpg,1
795,000796.jpg,1
796,000797.jpg,1
797,000798.jpg,1
798,000799.jpg,1
799,000800.jpg,1
800,000801.jpg,1
801,000802.jpg,1
802,000803.jpg,1
803,000804.jpg,1
804,000805.jpg,1
805,000806.jpg,1
806,000807.jpg,1
807,000808.jpg,1
808,000809.jpg,1
809,000810.jpg,1
810,000811.jpg,1
811,000812.jpg,1
812,000813.jpg,1
813,000814.jpg,1
814,000815.jpg,1
815,000816.jpg,1
816,000817.jpg,1
817,000818.jpg,1
818,000819.jpg,1
819,000820.jpg,1
820,000821.jpg,1
821,000822.jpg,1
822,000823.jpg,1
823,000824.jpg,1
824,000825.jpg,1
825,000826.jpg,1
826,000827.jpg,1
827,000828.jpg,1
828,000829.jpg,1
829,000830.jpg,1
830,000831.jpg,1
831,000832.jpg,1
832,000833.jpg,1
833,000834.jpg,1
834,000835.jpg,1
835,000836.jpg,1
836,000837.jpg,1
837,000838.jpg,1
838,000839.jpg,1
839,000840.jpg,1
840,000841.jpg,1
841,000842.jpg,1
842,000843.jpg,1
843,000844.jpg,1
844,000845.jpg,1
845,000846.jpg,1
846,000847.jpg,1
847,000848.jpg,1
848,000849.jpg,1
849,000850.jpg,1
850,000851.jpg,1
851,000852.jpg,1
852,000853.jpg,1
853,000854.jpg,1
854,000855.jpg,1
855,000856.jpg,1
856,000857.jpg,1
857,000858.jpg,1
858,000859.jpg,1
859,000860.jpg,1
860,000861.jpg,1
861,000862.jpg,1
862,000863.jpg,1
863,000864.jpg,1
864,000865.jpg,1
865,000866.jpg,1
866,000867.jpg,1
867,000868.jpg,1
868,000869.jpg,1
869,000870.jpg,1
870,000871.jpg,1
871,000872.jpg,1
872,000873.jpg,1
873,000874.jpg,1
874,000875.jpg,1
875,000876.jpg,1
876,000877.jpg,1
877,000878.jpg,1
878,000879.jpg,1
879,000880.jpg,1
880,000881.jpg,1
881,000882.jpg,1
882,000883.jpg,1
883,000884.jpg,1
884,000885.jpg,1
885,000886.jpg,1
886,000887.jpg,1
887,000888.jpg,1
888,000889.jpg,1
889,000890.jpg,1
890,000891.jpg,1
891,000892.jpg,1
892,000893.jpg,1
893,000894.jpg,1
894,000895.jpg,1
895,000896.jpg,1
896,000897.jpg,1
897,000898.jpg,1
898,000899.jpg,1
899,000900.jpg,1
900,000901.jpg,1
901,000902.jpg,1
902,000903.jpg,1
903,000904.jpg,1
904,000905.jpg,1
905,000906.jpg,1
906,000907.jpg,1
907,000908.jpg,1
908,000909.jpg,1
909,000910.jpg,1
910,000911.jpg,1
911,000912.jpg,1
912,000913.jpg,1
913,000914.jpg,1
914,000915.jpg,1
915,000916.jpg,1
916,000917.jpg,1
917,000918.jpg,1
918,000919.jpg,1
919,000920.jpg,1
920,000921.jpg,1
921,000922.jpg,1
922,000923.jpg,1
923,000924.jpg,1
924,000925.jpg,1
925,000926.jpg,1
926,000927.jpg,1
927,000928.jpg,1
928,000929.jpg,1
929,000930.jpg,1
930,000931.jpg,1
931,000932.jpg,1
932,000933.jpg,1
933,000934.jpg,1
934,000935.jpg,1
935,000936.jpg,1
936,000937.jpg,1
937,000938.jpg,1
938,000939.jpg,1
939,000940.jpg,1
940,000941.jpg,1
941,000942.jpg,1
942,000943.jpg,1
943,000944.jpg,1
944,000945.jpg,1
945,000946.jpg,1
946,000947.jpg,1
947,000948.jpg,1
948,000949.jpg,1
949,000950.jpg,1
950,000951.jpg,1
951,000952.jpg,1
952,000953.jpg,1
953,000954.jpg,1
954,000955.jpg,1
955,000956.jpg,1
956,000957.jpg,1
957,000958.jpg,1
958,000959.jpg,1
959,000960.jpg,1
960,000961.jpg,1
961,000962.jpg,1
962,000963.jpg,1
963,000964.jpg,1
964,000965.jpg,1
965,000966.jpg,1
966,000967.jpg,1
967,000968.jpg,1
968,000969.jpg,1
969,000970.jpg,1
970,000971.jpg,1
971,000972.jpg,1
972,000973.jpg,1
973,000974.jpg,1
974,000975.jpg,1
975,000976.jpg,1
976,000977.jpg,1
977,000978.jpg,1
978,000979.jpg,1
979,000980.jpg,1
980,000981.jpg,1
981,000982.jpg,1
982,000983.jpg,1
983,000984.jpg,1
984,000985.jpg,1
985,000986.jpg,1
986,000987.jpg,1
987,000988.jpg,0
988,000989.jpg,1
989,000990.jpg,1
990,000991.jpg,1
991,000992.jpg,1
992,000993.jpg,1
993,000994.jpg,1
994,000995.jpg,1
995,000996.jpg,1
996,000997.jpg,1
997,000998.jpg,1
998,000999.jpg,1
999,001000.jpg,1
1000,001001.jpg,1
1001,001002.jpg,1
1002,001003.jpg,1
1003,001004.jpg,1
1004,001005.jpg,1
1005,001006.jpg,1
1006,001007.jpg,1
1007,001008.jpg,1
1008,001009.jpg,1
1009,001010.jpg,1
1010,001011.jpg,1
1011,001012.jpg,1
1012,001013.jpg,1
1013,001014.jpg,1
1014,001015.jpg,1
1015,001016.jpg,1
1016,001017.jpg,1
1017,001018.jpg,1
1018,001019.jpg,1
1019,001020.jpg,1
1020,001021.jpg,1
1021,001022.jpg,1
1022,001023.jpg,1
1023,001024.jpg,1
1024,001025.jpg,1
1025,001026.jpg,1
1026,001027.jpg,1
1027,001028.jpg,1
1028,001029.jpg,1
1029,001030.jpg,1
1030,001031.jpg,1
1031,001032.jpg,1
1032,001033.jpg,1
1033,001034.jpg,1
1034,001035.jpg,1
1035,001036.jpg,1
1036,001037.jpg,1
1037,001038.jpg,1
1038,001039.jpg,1
1039,001040.jpg,1
1040,001041.jpg,1
1041,001042.jpg,1
1042,001043.jpg,1
1043,001044.jpg,1
1044,001045.jpg,1
1045,001046.jpg,1
1046,001047.jpg,1
1047,001048.jpg,1
1048,001049.jpg,1
1049,001050.jpg,1
1050,001051.jpg,1
1051,001052.jpg,1
1052,001053.jpg,1
1053,001054.jpg,1
1054,001055.jpg,1
1055,001056.jpg,1
1056,001057.jpg,1
1057,001058.jpg,1
1058,001059.jpg,1
1059,001060.jpg,1
1060,001061.jpg,1
1061,001062.jpg,1
1062,001063.jpg,1
1063,001064.jpg,1
1064,001065.jpg,1
1065,001066.jpg,1
1066,001067.jpg,1
1067,001068.jpg,1
1068,001069.jpg,1
1069,001070.jpg,1
1070,001071.jpg,1
1071,001072.jpg,1
1072,001073.jpg,1
1073,001074.jpg,1
1074,001075.jpg,1
1075,001076.jpg,1
1076,001077.jpg,1
1077,001078.jpg,1
1078,001079.jpg,1
1079,001080.jpg,1
1080,001081.jpg,1
1081,001082.jpg,1
1082,001083.jpg,1
1083,001084.jpg,1
1084,001085.jpg,1
1085,001086.jpg,1
1086,001087.jpg,1
1087,001088.jpg,1
1088,001089.jpg,1
1089,001090.jpg,1
1090,001091.jpg,1
1091,001092.jpg,1
1092,001093.jpg,1
1093,001094.jpg,1
1094,001095.jpg,1
1095,001096.jpg,1
1096,001097.jpg,1
1097,001098.jpg,1
1098,001099.jpg,1
1099,001100.jpg,1
1100,001101.jpg,1
1101,001102.jpg,1
1102,001103.jpg,1
1103,001104.jpg,1
1104,001105.jpg,1
1105,001106.jpg,1
1106,001107.jpg,1
1107,001108.jpg,1
1108,001109.jpg,1
1109,001110.jpg,1
1110,001111.jpg,1
1111,001112.jpg,1
1112,001113.jpg,1
1113,001114.jpg,1
1114,001115.jpg,0
1115,001116.jpg,0
1116,001117.jpg,1
1117,001118.jpg,1
1118,001119.jpg,1
1119,001120.jpg,1
1120,001121.jpg,1
1121,001122.jpg,1
1122,001123.jpg,1
1123,001124.jpg,1
1124,001125.jpg,1
1125,001126.jpg,0
1126,001127.jpg,0
1127,001128.jpg,0
1128,001129.jpg,0
1129,001130.jpg,0
1130,001131.jpg,0
1131,001132.jpg,0
1132,001133.jpg,0
1133,001134.jpg,0
1134,001135.jpg,0
1135,001136.jpg,0
1136,001137.jpg,0
1137,001138.jpg,0
1138,001139.jpg,0
1139,001140.jpg,0
1140,001141.jpg,0
1141,001142.jpg,0
1142,001143.jpg,0
1143,001144.jpg,1
1144,001145.jpg,1
1145,001146.jpg,1
1146,001147.jpg,0
1147,001148.jpg,1
1148,001149.jpg,1
1149,001150.jpg,0
1150,001151.jpg,1
1151,001152.jpg,0
1152,001153.jpg,0
1153,001154.jpg,0
1154,001155.jpg,0
1155,001156.jpg,0
1156,001157.jpg,0
1157,001158.jpg,0
1158,001159.jpg,0
1159,001160.jpg,0
1160,001161.jpg,0
1161,001162.jpg,0
1162,001163.jpg,0
1163,001164.jpg,0
1164,001165.jpg,1
1165,001166.jpg,1
1166,001167.jpg,1
1167,001168.jpg,1
1168,001169.jpg,1
1169,001170.jpg,1
1170,001171.jpg,1
1171,001172.jpg,1
1172,001173.jpg,1
1173,001174.jpg,0
1174,001175.jpg,1
1175,001176.jpg,0
1176,001177.jpg,1
1177,001178.jpg,0
1178,001179.jpg,1
1179,001180.jpg,0
1180,001181.jpg,1
1181,001182.jpg,0
1182,001183.jpg,1
1183,001184.jpg,0
1184,001185.jpg,0
1185,001186.jpg,1
1186,001187.jpg,0
1187,001188.jpg,0
1188,001189.jpg,0
1189,001190.jpg,1
1190,001191.jpg,1
1191,001192.jpg,1
1192,001193.jpg,1
1193,001194.jpg,0
1194,001195.jpg,0
1195,001196.jpg,0
1196,001197.jpg,0
1197,001198.jpg,0
1198,001199.jpg,0
1199,001200.jpg,0
1200,001201.jpg,0
1201,001202.jpg,0
1202,001203.jpg,0
1203,001204.jpg,0
1204,001205.jpg,0
1205,001206.jpg,0
1206,001207.jpg,0
1207,001208.jpg,0
1208,001209.jpg,0
1209,001210.jpg,0
1210,001211.jpg,0
1211,001212.jpg,0
1212,001213.jpg,0
1213,001214.jpg,0
1214,001215.jpg,0
1215,001216.jpg,0
1216,001217.jpg,0
1217,001218.jpg,0
1218,001219.jpg,0
1219,001220.jpg,0
1220,001221.jpg,0
1221,001222.jpg,0
1222,001223.jpg,0
1223,001224.jpg,0
1224,001225.jpg,0
1225,001226.jpg,1
1226,001227.jpg,0
1227,001228.jpg,0
1228,001229.jpg,1
1229,001230.jpg,1
1230,001231.jpg,1
1231,001232.jpg,1
1232,001233.jpg,1
1233,001234.jpg,0
1234,001235.jpg,1
1235,001236.jpg,1
1236,001237.jpg,1
1237,001238.jpg,1
1238,001239.jpg,0
1239,001240.jpg,1
1240,001241.jpg,1
1241,001242.jpg,1
1242,001243.jpg,0
1243,001244.jpg,1
1244,001245.jpg,1
1245,001246.jpg,1
1246,001247.jpg,1
1247,001248.jpg,1
1248,001249.jpg,1
1249,001250.jpg,1
1250,001251.jpg,1
1251,001252.jpg,1
1252,001253.jpg,1
1253,001254.jpg,0
1254,001255.jpg,0
1255,001256.jpg,0
1256,001257.jpg,0
1257,001258.jpg,1
1258,001259.jpg,1
1259,001260.jpg,1
1260,001261.jpg,1
1261,001262.jpg,1
1262,001263.jpg,1
1263,001264.jpg,1
1264,001265.jpg,1
1265,001266.jpg,1
1266,001267.jpg,1
1267,001268.jpg,1
1268,001269.jpg,1
1269,001270.jpg,1
1270,001271.jpg,1
1271,001272.jpg,1
1272,001273.jpg,1
1273,001274.jpg,1
1274,001275.jpg,1
1275,001276.jpg,1
1276,001277.jpg,1
1277,001278.jpg,1
1278,001279.jpg,1
1279,001280.jpg,1
1280,001281.jpg,1
1281,001282.jpg,1
1282,001283.jpg,1
1283,001284.jpg,1
1284,001285.jpg,1
1285,001286.jpg,1
1286,001287.jpg,1
1287,001288.jpg,1
1288,001289.jpg,1
1289,001290.jpg,1
1290,001291.jpg,1
1291,001292.jpg,1
1292,001293.jpg,1
1293,001294.jpg,1
1294,001295.jpg,1
1295,001296.jpg,1
1296,001297.jpg,1
1297,001298.jpg,1
1298,001299.jpg,1
1299,001300.jpg,1
1300,001301.jpg,1
1301,001302.jpg,1
1302,001303.jpg,1
1303,001304.jpg,1
1304,001305.jpg,1
1305,001306.jpg,1
1306,001307.jpg,1
1307,001308.jpg,1
1308,001309.jpg,1
1309,001310.jpg,1
1310,001311.jpg,1
1311,001312.jpg,1
1312,001313.jpg,1
1313,001314.jpg,1
1314,001315.jpg,1
1315,001316.jpg,1
1316,001317.jpg,1
1317,001318.jpg,1
1318,001319.jpg,1
1319,001320.jpg,1
1320,001321.jpg,1
1321,001322.jpg,1
1322,001323.jpg,1
1323,001324.jpg,1
1324,001325.jpg,1
1325,001326.jpg,1
1326,001327.jpg,1
1327,001328.jpg,1
1328,001329.jpg,1
1329,001330.jpg,1
1330,001331.jpg,1
1331,001332.jpg,1
1332,001333.jpg,1
1333,001334.jpg,1
1334,001335.jpg,1
1335,001336.jpg,1
1336,001337.jpg,1
1337,001338.jpg,1
1338,001339.jpg,1
1339,001340.jpg,1
1340,001341.jpg,1
1341,001342.jpg,1
1342,001343.jpg,1
1343,001344.jpg,1
1344,001345.jpg,1
1345,001346.jpg,1
1346,001347.jpg,1
1347,001348.jpg,1
1348,001349.jpg,1
1349,001350.jpg,1
1350,001351.jpg,1
1351,001352.jpg,1
1352,001353.jpg,1
1353,001354.jpg,1
1354,001355.jpg,1
1355,001356.jpg,1
1356,001357.jpg,1
1357,001358.jpg,1
1358,001359.jpg,1
1359,001360.jpg,1
1360,001361.jpg,1
1361,001362.jpg,1
1362,001363.jpg,1
1363,001364.jpg,1
1364,001365.jpg,1
1365,001366.jpg,1
1366,001367.jpg,1
1367,001368.jpg,1
1368,001369.jpg,1
1369,001370.jpg,1
1370,001371.jpg,1
1371,001372.jpg,1
1372,001373.jpg,1
1373,001374.jpg,1
1374,001375.jpg,1
1375,001376.jpg,1
1376,001377.jpg,1
1377,001378.jpg,1
1378,001379.jpg,1
1379,001380.jpg,1
1380,001381.jpg,1
1381,001382.jpg,1
1382,001383.jpg,1
1383,001384.jpg,1
1384,001385.jpg,1
1385,001386.jpg,1
1386,001387.jpg,1
1387,001388.jpg,1
1388,001389.jpg,1
1389,001390.jpg,1
1390,001391.jpg,1
1391,001392.jpg,1
1392,001393.jpg,1
1393,001394.jpg,1
1394,001395.jpg,1
1395,001396.jpg,1
1396,001397.jpg,1
1397,001398.jpg,1
1398,001399.jpg,1
1399,001400.jpg,1
1400,001401.jpg,1
1401,001402.jpg,1
1402,001403.jpg,1
1403,001404.jpg,1
1404,001405.jpg,1
1405,001406.jpg,1
1406,001407.jpg,1
1407,001408.jpg,1
1408,001409.jpg,1
1409,001410.jpg,1
1410,001411.jpg,1
1411,001412.jpg,1
1412,001413.jpg,1
1413,001414.jpg,1
1414,001415.jpg,1
1415,001416.jpg,1
1416,001417.jpg,1
1417,001418.jpg,1
1418,001419.jpg,1
1419,001420.jpg,1
1420,001421.jpg,1
1421,001422.jpg,1
1422,001423.jpg,1
1423,001424.jpg,1
1424,001425.jpg,1
1425,001426.jpg,1
1426,001427.jpg,1
1427,001428.jpg,1
1428,001429.jpg,1
1429,001430.jpg,1
1430,001431.jpg,1
1431,001432.jpg,1
1432,001433.jpg,1
1433,001434.jpg,1
1434,001435.jpg,1
1435,001436.jpg,1
1436,001437.jpg,1
1437,001438.jpg,1
1438,001439.jpg,1
1439,001440.jpg,1
1440,001441.jpg,1
1441,001442.jpg,1
1442,001443.jpg,1
1443,001444.jpg,1
1444,001445.jpg,1
1445,001446.jpg,1
1446,001447.jpg,1
1447,001448.jpg,1
1448,001449.jpg,1
1449,001450.jpg,1
1450,001451.jpg,1
1451,001452.jpg,1
1452,001453.jpg,1
1453,001454.jpg,1
1454,001455.jpg,1
1455,001456.jpg,1
1456,001457.jpg,1
1457,001458.jpg,1
1458,001459.jpg,1
1459,001460.jpg,1
1460,001461.jpg,1
1461,001462.jpg,1
1462,001463.jpg,1
1463,001464.jpg,1
1464,001465.jpg,1
1465,001466.jpg,1
1466,001467.jpg,1
1467,001468.jpg,1
1468,001469.jpg,1
1469,001470.jpg,1
1470,001471.jpg,1
1471,001472.jpg,1
1472,001473.jpg,1
1473,001474.jpg,1
1474,001475.jpg,1
1475,001476.jpg,1
1476,001477.jpg,1
1477,001478.jpg,1
1478,001479.jpg,1
1479,001480.jpg,1
1480,001481.jpg,1
1481,001482.jpg,1
1482,001483.jpg,1
1483,001484.jpg,1
1484,001485.jpg,1
1485,001486.jpg,1
1486,001487.jpg,1
1487,001488.jpg,1
1488,001489.jpg,1
1489,001490.jpg,1
1490,001491.jpg,1
1491,001492.jpg,1
1492,001493.jpg,1
1493,001494.jpg,1
1494,001495.jpg,1
1495,001496.jpg,1
1496,001497.jpg,1
1497,001498.jpg,1
1498,001499.jpg,1
1499,001500.jpg,1
1500,001501.jpg,1
1501,001502.jpg,1
1502,001503.jpg,1
1503,001504.jpg,1
1504,001505.jpg,1
1505,001506.jpg,1
1506,001507.jpg,1
1507,001508.jpg,1
1508,001509.jpg,1
1509,001510.jpg,1
1510,001511.jpg,1
1511,001512.jpg,1
1512,001513.jpg,1
1513,001514.jpg,1
1514,001515.jpg,1
1515,001516.jpg,1
1516,001517.jpg,1
1517,001518.jpg,1
1518,001519.jpg,1
1519,001520.jpg,1
1520,001521.jpg,1
1521,001522.jpg,1
1522,001523.jpg,1
1523,001524.jpg,1
1524,001525.jpg,1
1525,001526.jpg,1
1526,001527.jpg,1
1527,001528.jpg,1
1528,001529.jpg,1
1529,001530.jpg,1
1530,001531.jpg,1
1531,001532.jpg,1
1532,001533.jpg,1
1533,001534.jpg,1
1534,001535.jpg,1
1535,001536.jpg,1
1536,001537.jpg,1
1537,001538.jpg,1
1538,001539.jpg,1
1539,001540.jpg,1
1540,001541.jpg,1
1541,001542.jpg,1
1542,001543.jpg,1
1543,001544.jpg,1
1544,001545.jpg,1
1545,001546.jpg,1
1546,001547.jpg,1
1547,001548.jpg,1
1548,001549.jpg,1
1549,001550.jpg,1
1550,001551.jpg,1
1551,001552.jpg,1
1552,001553.jpg,1
1553,001554.jpg,1
1554,001555.jpg,1
1555,001556.jpg,1
1556,001557.jpg,1
1557,001558.jpg,1
1558,001559.jpg,1
1559,001560.jpg,1
1560,001561.jpg,1
1561,001562.jpg,1
1562,001563.jpg,1
1563,001564.jpg,1
1564,001565.jpg,1
1565,001566.jpg,1
1566,001567.jpg,1
1567,001568.jpg,1
1568,001569.jpg,1
1569,001570.jpg,1
1570,001571.jpg,1
1571,001572.jpg,1
1572,001573.jpg,1
1573,001574.jpg,1
1574,001575.jpg,1
1575,001576.jpg,1
1576,001577.jpg,1
1577,001578.jpg,1
1578,001579.jpg,1
1579,001580.jpg,1
1580,001581.jpg,1
1581,001582.jpg,1
1582,001583.jpg,1
1583,001584.jpg,1
1584,001585.jpg,1
1585,001586.jpg,1
1586,001587.jpg,1
1587,001588.jpg,1
1588,001589.jpg,1
1589,001590.jpg,1
1590,001591.jpg,1
1591,001592.jpg,1
1592,001593.jpg,1
1593,001594.jpg,1
1594,001595.jpg,1
1595,001596.jpg,1
1596,001597.jpg,1
1597,001598.jpg,1
1598,001599.jpg,1
1599,001600.jpg,1
1600,001601.jpg,1
1601,001602.jpg,1
1602,001603.jpg,1
1603,001604.jpg,1
1604,001605.jpg,1
1605,001606.jpg,1
1606,001607.jpg,1
1607,001608.jpg,1
1608,001609.jpg,1
1609,001610.jpg,1
1610,001611.jpg,1
1611,001612.jpg,1
1612,001613.jpg,1
1613,001614.jpg,1
1614,001615.jpg,1
1615,001616.jpg,1
1616,001617.jpg,1
1617,001618.jpg,1
1618,001619.jpg,1
1619,001620.jpg,1
1620,001621.jpg,1
1621,001622.jpg,1
1622,001623.jpg,1
1623,001624.jpg,1
1624,001625.jpg,1
1625,001626.jpg,1
1626,001627.jpg,1
1627,001628.jpg,1
1628,001629.jpg,1
1629,001630.jpg,1
1630,001631.jpg,1
1631,001632.jpg,1
1632,001633.jpg,1
1633,001634.jpg,1
1634,001635.jpg,1
1635,001636.jpg,1
1636,001637.jpg,1
1637,001638.jpg,1
1638,001639.jpg,1
1639,001640.jpg,1
1640,001641.jpg,1
1641,001642.jpg,1
1642,001643.jpg,1
1643,001644.jpg,1
1644,001645.jpg,1
1645,001646.jpg,1
1646,001647.jpg,1
1647,001648.jpg,1
1648,001649.jpg,1
1649,001650.jpg,1
1650,001651.jpg,1
1651,001652.jpg,1
1652,001653.jpg,1
1653,001654.jpg,1
1654,001655.jpg,1
1655,001656.jpg,1
1656,001657.jpg,1
1657,001658.jpg,1
1658,001659.jpg,1
1659,001660.jpg,1
1660,001661.jpg,1
1661,001662.jpg,1
1662,001663.jpg,1
1663,001664.jpg,1
1664,001665.jpg,1
1665,001666.jpg,1
1666,001667.jpg,1
1667,001668.jpg,1
1668,001669.jpg,1
1669,001670.jpg,1
1670,001671.jpg,1
1671,001672.jpg,1
1672,001673.jpg,1
1673,001674.jpg,1
1674,001675.jpg,1
1675,001676.jpg,1
1676,001677.jpg,1
1677,001678.jpg,1
1678,001679.jpg,1
1679,001680.jpg,1
1680,001681.jpg,1
1681,001682.jpg,1
1682,001683.jpg,1
1683,001684.jpg,1
1684,001685.jpg,1
1685,001686.jpg,1
1686,001687.jpg,1
1687,001688.jpg,1
1688,001689.jpg,1
1689,001690.jpg,1
1690,001691.jpg,1
1691,001692.jpg,1
1692,001693.jpg,1
1693,001694.jpg,1
1694,001695.jpg,1
1695,001696.jpg,1
1696,001697.jpg,1
1697,001698.jpg,1
1698,001699.jpg,1
1699,001700.jpg,1
1700,001701.jpg,1
1701,001702.jpg,1
1702,001703.jpg,1
1703,001704.jpg,1
1704,001705.jpg,1
1705,001706.jpg,1
1706,001707.jpg,1
1707,001708.jpg,1
1708,001709.jpg,1
1709,001710.jpg,1
1710,001711.jpg,1
1711,001712.jpg,1
1712,001713.jpg,1
1713,001714.jpg,1
1714,001715.jpg,1
1715,001716.jpg,1
1716,001717.jpg,1
1717,001718.jpg,0
1718,001719.jpg,0
1719,001720.jpg,0
1720,001721.jpg,0
1721,001722.jpg,0
1722,001723.jpg,0
1723,001724.jpg,0
1724,001725.jpg,0
1725,001726.jpg,0
1726,001727.jpg,0
1727,001728.jpg,0
1728,001729.jpg,0
1729,001730.jpg,0
1730,001731.jpg,0
1731,001732.jpg,0
1732,001733.jpg,0
1733,001734.jpg,0
1734,001735.jpg,0
1735,001736.jpg,0
1736,001737.jpg,0
1737,001738.jpg,0
1738,001739.jpg,0
1739,001740.jpg,0
1740,001741.jpg,0
1741,001742.jpg,0
1742,001743.jpg,0
1743,001744.jpg,1
1744,001745.jpg,0
1745,001746.jpg,1
1746,001747.jpg,0
1747,001748.jpg,1
1748,001749.jpg,1
1749,001750.jpg,1
1750,001751.jpg,1
1751,001752.jpg,1
1752,001753.jpg,0
1753,001754.jpg,1
1754,001755.jpg,1
1755,001756.jpg,1
1756,001757.jpg,0
1757,001758.jpg,0
1758,001759.jpg,0
1759,001760.jpg,0
1760,001761.jpg,0
1761,001762.jpg,0
1762,001763.jpg,0
1763,001764.jpg,0
1764,001765.jpg,0
1765,001766.jpg,0
1766,001767.jpg,0
1767,001768.jpg,0
1768,001769.jpg,0
1769,001770.jpg,0
1770,001771.jpg,0
1771,001772.jpg,0
1772,001773.jpg,0
1773,001774.jpg,0
1774,001775.jpg,1
1775,001776.jpg,0
1776,001777.jpg,0
1777,001778.jpg,1
1778,001779.jpg,1
1779,001780.jpg,1
1780,001781.jpg,0
1781,001782.jpg,1
1782,001783.jpg,0
1783,001784.jpg,1
1784,001785.jpg,0
1785,001786.jpg,0
1786,001787.jpg,0
1787,001788.jpg,1
1788,001789.jpg,0
1789,001790.jpg,0
1790,001791.jpg,0
1791,001792.jpg,0
1792,001793.jpg,1
1793,001794.jpg,0
1794,001795.jpg,0
1795,001796.jpg,1
1796,001797.jpg,0
1797,001798.jpg,0
1798,001799.jpg,0
1799,001800.jpg,1
1800,001801.jpg,0
1801,001802.jpg,0
1802,001803.jpg,1
1803,001804.jpg,1
1804,001805.jpg,0
1805,001806.jpg,1
1806,001807.jpg,1
1807,001808.jpg,0
1808,001809.jpg,0
1809,001810.jpg,1
1810,001811.jpg,1
1811,001812.jpg,1
1812,001813.jpg,1
1813,001814.jpg,1
1814,001815.jpg,0
1815,001816.jpg,1
1816,001817.jpg,0
1817,001818.jpg,1
1818,001819.jpg,1
1819,001820.jpg,1
1820,001821.jpg,1
1821,001822.jpg,1
1822,001823.jpg,1
1823,001824.jpg,0
1824,001825.jpg,0
1825,001826.jpg,0
1826,001827.jpg,1
1827,001828.jpg,1
1828,001829.jpg,1
1829,001830.jpg,1
1830,001831.jpg,1
1831,001832.jpg,0
1832,001833.jpg,0
1833,001834.jpg,0
1834,001835.jpg,0
1835,001836.jpg,1
1836,001837.jpg,1
1837,001838.jpg,1
1838,001839.jpg,1
1839,001840.jpg,1
1840,001841.jpg,1
1841,001842.jpg,1
1842,001843.jpg,1
1843,001844.jpg,1
1844,001845.jpg,1
1845,001846.jpg,0
1846,001847.jpg,0
1847,001848.jpg,0
1848,001849.jpg,0
1849,001850.jpg,1
1850,001851.jpg,1
1851,001852.jpg,1
1852,001853.jpg,1
1853,001854.jpg,1
1854,001855.jpg,1
1855,001856.jpg,1
1856,001857.jpg,1
1857,001858.jpg,0
1858,001859.jpg,0
1859,001860.jpg,1
1860,001861.jpg,1
1861,001862.jpg,1
1862,001863.jpg,1
1863,001864.jpg,1
1864,001865.jpg,1
1865,001866.jpg,0
1866,001867.jpg,0
1867,001868.jpg,0
1868,001869.jpg,0
1869,001870.jpg,1
1870,001871.jpg,1
1871,001872.jpg,1
1872,001873.jpg,1
1873,001874.jpg,1
1874,001875.jpg,1
1875,001876.jpg,0
1876,001877.jpg,0
1877,001878.jpg,1
1878,001879.jpg,1
1879,001880.jpg,1
1880,001881.jpg,1
1881,001882.jpg,1
1882,001883.jpg,1
1883,001884.jpg,0
1884,001885.jpg,0
1885,001886.jpg,1
1886,001887.jpg,1
1887,001888.jpg,1
1888,001889.jpg,1
1889,001890.jpg,1
1890,001891.jpg,0
1891,001892.jpg,1
1892,001893.jpg,1
1893,001894.jpg,1
1894,001895.jpg,1
1895,001896.jpg,1
1896,001897.jpg,1
1897,001898.jpg,1
1898,001899.jpg,1
1899,001900.jpg,1
1900,001901.jpg,1
1901,001902.jpg,0
1902,001903.jpg,1
1903,001904.jpg,1
1904,001905.jpg,1
1905,001906.jpg,1
1906,001907.jpg,1
1907,001908.jpg,1
1908,001909.jpg,1
1909,001910.jpg,1
1910,001911.jpg,1
1911,001912.jpg,1
1912,001913.jpg,1
1913,001914.jpg,1
1914,001915.jpg,1
1915,001916.jpg,1
1916,001917.jpg,1
1917,001918.jpg,1
1918,001919.jpg,1
1919,001920.jpg,1
1920,001921.jpg,1
1921,001922.jpg,1
1922,001923.jpg,1
1923,001924.jpg,1
1924,001925.jpg,1
1925,001926.jpg,1
1926,001927.jpg,1
1927,001928.jpg,1
1928,001929.jpg,1
1929,001930.jpg,1
1930,001931.jpg,1
1931,001932.jpg,1
1932,001933.jpg,1
1933,001934.jpg,1
1934,001935.jpg,1
1935,001936.jpg,1
1936,001937.jpg,1
1937,001938.jpg,1
1938,001939.jpg,1
1939,001940.jpg,1
1940,001941.jpg,1
1941,001942.jpg,1
1942,001943.jpg,1
1943,001944.jpg,1
1944,001945.jpg,1
1945,001946.jpg,1
1946,001947.jpg,1
1947,001948.jpg,1
1948,001949.jpg,1
1949,001950.jpg,1
1950,001951.jpg,1
1951,001952.jpg,1
1952,001953.jpg,1
1953,001954.jpg,1
1954,001955.jpg,1
1955,001956.jpg,1
1956,001957.jpg,1
1957,001958.jpg,1
1958,001959.jpg,1
1959,001960.jpg,1
1960,001961.jpg,1
1961,001962.jpg,1
1962,001963.jpg,1
1963,001964.jpg,1
1964,001965.jpg,1
1965,001966.jpg,1
1966,001967.jpg,1
1967,001968.jpg,1
1968,001969.jpg,1
1969,001970.jpg,1
1970,001971.jpg,1
1971,001972.jpg,1
1972,001973.jpg,1
1973,001974.jpg,1
1974,001975.jpg,1
1975,001976.jpg,1
1976,001977.jpg,1
1977,001978.jpg,1
1978,001979.jpg,1
1979,001980.jpg,1
1980,001981.jpg,1
1981,001982.jpg,1
1982,001983.jpg,1
1983,001984.jpg,1
1984,001985.jpg,1
1985,001986.jpg,1
1986,001987.jpg,1
1987,001988.jpg,1
1988,001989.jpg,1
1989,001990.jpg,1
1990,001991.jpg,1
1991,001992.jpg,1
1992,001993.jpg,1
1993,001994.jpg,1
1994,001995.jpg,1
1995,001996.jpg,1
1996,001997.jpg,1
1997,001998.jpg,1
1998,001999.jpg,1
1999,002000.jpg,1
2000,002001.jpg,1
2001,002002.jpg,1
2002,002003.jpg,1
2003,002004.jpg,1
2004,002005.jpg,1
2005,002006.jpg,1
2006,002007.jpg,1
2007,002008.jpg,1
2008,002009.jpg,1
2009,002010.jpg,1
2010,002011.jpg,1
2011,002012.jpg,1
2012,002013.jpg,1
2013,002014.jpg,1
2014,002015.jpg,1
2015,002016.jpg,1
2016,002017.jpg,1
2017,002018.jpg,1
2018,002019.jpg,1
2019,002020.jpg,1
2020,002021.jpg,1
2021,002022.jpg,1
2022,002023.jpg,1
2023,002024.jpg,1
2024,002025.jpg,1
2025,002026.jpg,1
2026,002027.jpg,1
2027,002028.jpg,1
2028,002029.jpg,1
2029,002030.jpg,1
2030,002031.jpg,1
2031,002032.jpg,1
2032,002033.jpg,1
2033,002034.jpg,1
2034,002035.jpg,1
2035,002036.jpg,1
2036,002037.jpg,1
2037,002038.jpg,1
2038,002039.jpg,1
2039,002040.jpg,1
2040,002041.jpg,1
2041,002042.jpg,1
2042,002043.jpg,1
2043,002044.jpg,1
2044,002045.jpg,1
2045,002046.jpg,1
2046,002047.jpg,1
2047,002048.jpg,1
2048,002049.jpg,1
2049,002050.jpg,1
2050,002051.jpg,1
2051,002052.jpg,1
2052,002053.jpg,1
2053,002054.jpg,1
2054,002055.jpg,1
2055,002056.jpg,1
2056,002057.jpg,1
2057,002058.jpg,1
2058,002059.jpg,1
2059,002060.jpg,1
2060,002061.jpg,1
2061,002062.jpg,1
2062,002063.jpg,1
2063,002064.jpg,1
2064,002065.jpg,1
2065,002066.jpg,1
2066,002067.jpg,1
2067,002068.jpg,1
2068,002069.jpg,1
2069,002070.jpg,1
2070,002071.jpg,1
2071,002072.jpg,1
2072,002073.jpg,1
2073,002074.jpg,1
2074,002075.jpg,1
2075,002076.jpg,1
2076,002077.jpg,1
2077,002078.jpg,1
2078,002079.jpg,1
2079,002080.jpg,1
2080,002081.jpg,1
2081,002082.jpg,1
2082,002083.jpg,1
2083,002084.jpg,1
2084,002085.jpg,1
2085,002086.jpg,1
2086,002087.jpg,1
2087,002088.jpg,1
2088,002089.jpg,1
2089,002090.jpg,1
2090,002091.jpg,1
2091,002092.jpg,1
2092,002093.jpg,1
2093,002094.jpg,1
2094,002095.jpg,1
2095,002096.jpg,1
2096,002097.jpg,1
2097,002098.jpg,1
2098,002099.jpg,1
2099,002100.jpg,1
2100,002101.jpg,1
2101,002102.jpg,1
2102,002103.jpg,1
2103,002104.jpg,1
2104,002105.jpg,1
2105,002106.jpg,1
2106,002107.jpg,1
2107,002108.jpg,1
2108,002109.jpg,1
2109,002110.jpg,1
2110,002111.jpg,1
2111,002112.jpg,1
2112,002113.jpg,1
2113,002114.jpg,1
2114,002115.jpg,1
2115,002116.jpg,1
2116,002117.jpg,1
2117,002118.jpg,1
2118,002119.jpg,1
2119,002120.jpg,1
2120,002121.jpg,1
2121,002122.jpg,1
2122,002123.jpg,1
2123,002124.jpg,1
2124,002125.jpg,1
2125,002126.jpg,1
2126,002127.jpg,1
2127,002128.jpg,1
2128,002129.jpg,1
2129,002130.jpg,1
2130,002131.jpg,1
2131,002132.jpg,1
2132,002133.jpg,1
2133,002134.jpg,1
2134,002135.jpg,1
2135,002136.jpg,1
2136,002137.jpg,1
2137,002138.jpg,1
2138,002139.jpg,1
2139,002140.jpg,1
2140,002141.jpg,1
2141,002142.jpg,1
2142,002143.jpg,1
2143,002144.jpg,1
2144,002145.jpg,1
2145,002146.jpg,1
2146,002147.jpg,1
2147,002148.jpg,1
2148,002149.jpg,1
2149,002150.jpg,1
2150,002151.jpg,1
2151,002152.jpg,1
2152,002153.jpg,1
2153,002154.jpg,1
2154,002155.jpg,1
2155,002156.jpg,1
2156,002157.jpg,1
2157,002158.jpg,1
2158,002159.jpg,1
2159,002160.jpg,1
2160,002161.jpg,1
2161,002162.jpg,1
2162,002163.jpg,1
2163,002164.jpg,1
2164,002165.jpg,1
2165,002166.jpg,1
2166,002167.jpg,1
2167,002168.jpg,1
2168,002169.jpg,1
2169,002170.jpg,1
2170,002171.jpg,1
2171,002172.jpg,1
2172,002173.jpg,1
2173,002174.jpg,1
2174,002175.jpg,1
2175,002176.jpg,1
2176,002177.jpg,1
2177,002178.jpg,1
2178,002179.jpg,1
2179,002180.jpg,1
2180,002181.jpg,1
2181,002182.jpg,1
2182,002183.jpg,1
2183,002184.jpg,1
2184,002185.jpg,1
2185,002186.jpg,1
